GroupID,Year,Area,TLC,X,Y,MainPlace,Municipality,District,Province
12,2000,Orient Hills                                                                                                                                                                                                                                              ,South Durban MLC,30.92,-29.99,Durban,eThekwini,eThekwini,KwaZulu-Natal
13,2000,Woodhaven                                                                                                                                                                                                                                                 ,U,25.06,-29.04,Letsemeng NU,Letsemeng,Xhariep,Free State
15,2000,Rontree Estate                                                                                                                                                                                                                                            ,U,25.06,-29.04,Letsemeng NU,Letsemeng,Xhariep,Free State
16,2000,Sanctuary Gardens                                                                                                                                                                                                                                         ,U,25.06,-29.04,Letsemeng NU,Letsemeng,Xhariep,Free State
17,2000,Summerstrand                                                                                                                                                                                                                                              ,Port Elizabeth,25.65,-34,Port Elizaberth,Nelson Mandela Bay,Nelson Mandela Bay,Eastern Cape
18,2000,Tafelsig                                                                                                                                                                                                                                                  ,Central Cape Town MLC,18.64,-34.06,Mitchells Plain,City of Cape Town,City of Cape Town,Western Cape
20,2000,Makipsvlei                                                                                                                                                                                                                                                ,U,18.9,-34.35,Betty's Bay,Overstrand,Overberg,Western Cape
21,2000,Garagapola                                                                                                                                                                                                                                                ,U,25.06,-29.04,Letsemeng NU,Letsemeng,Xhariep,Free State
22,2000,Tambo                                                                                                                                                                                                                                                     ,Queenstown Rural TRC,26.81,-32.13,Tambo,Lukanji,Chris Hani,Eastern Cape
23,2000,Gasese                                                                                                                                                                                                                                                    ,Bophirima District Council,23.04,-27.11,Ga-Sese,Joe Morolong,John Taolo Gaetsewe,Northern Cape
24,2000,Qumbu                                                                                                                                                                                                                                                     ,Qumbu Rural TRC,28.71,-31.09,Mhlontlo NU,Mhlontlo,O.R.Tambo,Eastern Cape
25,2000,Antioch                                                                                                                                                                                                                                                   ,,30.86,-24.44,Maruleng NU,Maruleng,Mopani,Limpopo
27,2000,Lotus Park                                                                                                                                                                                                                                                ,South Durban MLC,30.91,-30,Durban,eThekwini,eThekwini,KwaZulu-Natal
28,2000,Mafefe                                                                                                                                                                                                                                                    ,Noko-tlou/Fetakgomo RLC,30.11,-24.2,Ga-Mafefe,Lepele-Nkumpi,Capricorn,Limpopo
35,1994,Cloetesville                                                                                                                                                                                                                                              ,Stellenbosch,18.85,-33.9,Cloetesville,Stellenbosch,Cape Winelands,Western Cape
36,1996,Manyatseng                                                                                                                                                                                                                                                ,Ladybrand,27.46,-29.17,Manyatseng,Mantsopa,Thabo Mofutsanyane,Free State
37,1996,Claremont                                                                                                                                                                                                                                                 ,Central Cape Town MLC,18.47,-33.98,Cape Town,City of Cape Town,City of Cape Town,Western Cape
37,1996,Claremont                                                                                                                                                                                                                                                 ,City Council of Pretoria MLC,28.13,-25.71,Pretoria,City of Tshwane,City of Tshwane,Gauteng
38,1995,Kwazakhele                                                                                                                                                                                                                                                ,Port Elizabeth,25.58,-33.87,iBhayi,Nelson Mandela Bay,Nelson Mandela Bay,Eastern Cape
39,1995,Umlazi AA                                                                                                                                                                                                                                                 ,,30.86,-29.97,Umlazi,eThekwini,eThekwini,KwaZulu-Natal
40,1996,Sweetwaters                                                                                                                                                                                                                                               ,,27.88,-26.43,Kanana Park,City of Johannesburg,City of Johannesburg,Gauteng
42,1997,Helderberg                                                                                                                                                                                                                                                ,,18.83,-34.03,Stellenbosch NU,Stellenbosch,Cape Winelands,Western Cape
43,1997,Sweetwaters                                                                                                                                                                                                                                               ,,27.88,-26.43,Kanana Park,City of Johannesburg,City of Johannesburg,Gauteng
44,1997,Umgaga                                                                                                                                                                                                                                                    ,U,30.45,-30.63,Sidobe,Hibiscus Coast,Ugu,KwaZulu-Natal
45,1997,Umlazi AA                                                                                                                                                                                                                                                 ,,30.86,-29.97,Umlazi,eThekwini,eThekwini,KwaZulu-Natal
46,1997,Claremont                                                                                                                                                                                                                                                 ,City Council of Pretoria MLC,28.13,-25.71,Pretoria,City of Tshwane,City of Tshwane,Gauteng
46,1997,Claremont                                                                                                                                                                                                                                                 ,Central Cape Town MLC,18.47,-33.98,Cape Town,City of Cape Town,City of Cape Town,Western Cape
47,1997,Walmer Dunes                                                                                                                                                                                                                                              ,U,25.06,-29.04,Letsemeng NU,Letsemeng,Xhariep,Free State
48,1997,Manyatseng                                                                                                                                                                                                                                                ,Ladybrand,27.46,-29.17,Manyatseng,Mantsopa,Thabo Mofutsanyane,Free State
49,1998,Helderberg                                                                                                                                                                                                                                                ,,18.83,-34.03,Stellenbosch NU,Stellenbosch,Cape Winelands,Western Cape
50,1998,Umlazi AA                                                                                                                                                                                                                                                 ,,30.86,-29.97,Umlazi,eThekwini,eThekwini,KwaZulu-Natal
51,1998,Umgaga                                                                                                                                                                                                                                                    ,U,30.45,-30.63,Sidobe,Hibiscus Coast,Ugu,KwaZulu-Natal
52,1998,Walmer Dunes                                                                                                                                                                                                                                              ,U,25.06,-29.04,Letsemeng NU,Letsemeng,Xhariep,Free State
53,1998,Claremont                                                                                                                                                                                                                                                 ,Central Cape Town MLC,18.47,-33.98,Cape Town,City of Cape Town,City of Cape Town,Western Cape
53,1998,Claremont                                                                                                                                                                                                                                                 ,City Council of Pretoria MLC,28.13,-25.71,Pretoria,City of Tshwane,City of Tshwane,Gauteng
54,1998,Tafelsig                                                                                                                                                                                                                                                  ,Central Cape Town MLC,18.64,-34.06,Mitchells Plain,City of Cape Town,City of Cape Town,Western Cape
55,1998,Lotus Park                                                                                                                                                                                                                                                ,South Durban MLC,30.91,-30,Durban,eThekwini,eThekwini,KwaZulu-Natal
56,1998,Orient Hills                                                                                                                                                                                                                                              ,South Durban MLC,30.92,-29.99,Durban,eThekwini,eThekwini,KwaZulu-Natal
57,1998,Ivory Park                                                                                                                                                                                                                                                ,Midrand/ Rabie Ridge/ Ivory Pa,28.18,-25.99,Ivory Park,City of Johannesburg,City of Johannesburg,Gauteng
58,1998,Mafefe                                                                                                                                                                                                                                                    ,Noko-tlou/Fetakgomo RLC,30.11,-24.2,Ga-Mafefe,Lepele-Nkumpi,Capricorn,Limpopo
59,1998,Makipsvlei                                                                                                                                                                                                                                                ,U,18.9,-34.35,Betty's Bay,Overstrand,Overberg,Western Cape
60,1997,Makipsvlei                                                                                                                                                                                                                                                ,U,18.9,-34.35,Betty's Bay,Overstrand,Overberg,Western Cape
61,1998,Tambo                                                                                                                                                                                                                                                     ,Queenstown Rural TRC,26.81,-32.13,Tambo,Lukanji,Chris Hani,Eastern Cape
62,1997,Tambo                                                                                                                                                                                                                                                     ,Queenstown Rural TRC,26.81,-32.13,Tambo,Lukanji,Chris Hani,Eastern Cape
63,1999,Ongwediva                                                                                                                                                                                                                                                 ,U,15.76,-17.77,,,,
64,1999,Walvis Bay                                                                                                                                                                                                                                                ,U,14.48,-22.98,,,,
65,1999,Windhoek A                                                                                                                                                                                                                                                ,U,17.08,-22.55,,,,
66,1999,Tafelsig                                                                                                                                                                                                                                                  ,Central Cape Town MLC,18.64,-34.06,Mitchells Plain,City of Cape Town,City of Cape Town,Western Cape
67,1999,Sanctuary Gardens                                                                                                                                                                                                                                         ,U,25.06,-29.04,Letsemeng NU,Letsemeng,Xhariep,Free State
68,1999,Umlazi AA                                                                                                                                                                                                                                                 ,,30.86,-29.97,Umlazi,eThekwini,eThekwini,KwaZulu-Natal
69,1999,Lotus Park                                                                                                                                                                                                                                                ,South Durban MLC,30.91,-30,Durban,eThekwini,eThekwini,KwaZulu-Natal
70,1999,Orient Hills                                                                                                                                                                                                                                              ,South Durban MLC,30.92,-29.99,Durban,eThekwini,eThekwini,KwaZulu-Natal
71,1999,Summerstrand                                                                                                                                                                                                                                              ,Port Elizabeth,25.65,-34,Port Elizaberth,Nelson Mandela Bay,Nelson Mandela Bay,Eastern Cape
72,1999,Helderberg                                                                                                                                                                                                                                                ,,18.83,-34.03,Stellenbosch NU,Stellenbosch,Cape Winelands,Western Cape
73,1999,Rontree Estate                                                                                                                                                                                                                                            ,U,25.06,-29.04,Letsemeng NU,Letsemeng,Xhariep,Free State
77,1999,Tambo                                                                                                                                                                                                                                                     ,Queenstown Rural TRC,26.81,-32.13,Tambo,Lukanji,Chris Hani,Eastern Cape
78,1999,Qumbu                                                                                                                                                                                                                                                     ,Qumbu Rural TRC,28.71,-31.09,Mhlontlo NU,Mhlontlo,O.R.Tambo,Eastern Cape
79,1999,Makipsvlei                                                                                                                                                                                                                                                ,U,18.9,-34.35,Betty's Bay,Overstrand,Overberg,Western Cape
80,1999,Ivory Park                                                                                                                                                                                                                                                ,Midrand/ Rabie Ridge/ Ivory Pa,28.18,-25.99,Ivory Park,City of Johannesburg,City of Johannesburg,Gauteng
81,1999,Antioch                                                                                                                                                                                                                                                   ,,30.86,-24.44,Maruleng NU,Maruleng,Mopani,Limpopo
82,1999,Garagapola                                                                                                                                                                                                                                                ,U,25.06,-29.04,Letsemeng NU,Letsemeng,Xhariep,Free State
83,1999,Gasese                                                                                                                                                                                                                                                    ,Bophirima District Council,23.04,-27.11,Ga-Sese,Joe Morolong,John Taolo Gaetsewe,Northern Cape
84,1999,Mafefe                                                                                                                                                                                                                                                    ,Noko-tlou/Fetakgomo RLC,30.11,-24.2,Ga-Mafefe,Lepele-Nkumpi,Capricorn,Limpopo
85,2000,Windhoek A                                                                                                                                                                                                                                                ,U,17.08,-22.55,,,,
86,2000,Ongwediva                                                                                                                                                                                                                                                 ,U,15.76,-17.77,,,,
87,2000,Windhoek B                                                                                                                                                                                                                                                ,U,17.08,-22.55,,,,
88,2000,Walvis Bay                                                                                                                                                                                                                                                ,U,14.48,-22.98,,,,
93,2001,Ongwediva                                                                                                                                                                                                                                                 ,U,15.76,-17.77,,,,
94,2001,Walvis Bay                                                                                                                                                                                                                                                ,U,14.48,-22.98,,,,
95,2001,Windhoek A                                                                                                                                                                                                                                                ,U,17.08,-22.55,,,,
96,2001,Windhoek B                                                                                                                                                                                                                                                ,U,17.08,-22.55,,,,
98,2001,Garagapola                                                                                                                                                                                                                                                ,U,25.06,-29.04,Letsemeng NU,Letsemeng,Xhariep,Free State
100,2001,Antioch                                                                                                                                                                                                                                                   ,,30.86,-24.44,Maruleng NU,Maruleng,Mopani,Limpopo
101,2001,Gasese                                                                                                                                                                                                                                                    ,Bophirima District Council,23.04,-27.11,Ga-Sese,Joe Morolong,John Taolo Gaetsewe,Northern Cape
102,2001,Mafefe                                                                                                                                                                                                                                                    ,Noko-tlou/Fetakgomo RLC,30.11,-24.2,Ga-Mafefe,Lepele-Nkumpi,Capricorn,Limpopo
103,2001,Tambo                                                                                                                                                                                                                                                     ,Queenstown Rural TRC,26.81,-32.13,Tambo,Lukanji,Chris Hani,Eastern Cape
104,2001,Mfazazane                                                                                                                                                                                                                                                 ,U,25.06,-29.04,Letsemeng NU,Letsemeng,Xhariep,Free State
105,2001,Bassonia                                                                                                                                                                                                                                                  ,Southern Johannesburg MLC,28.06,-26.27,Johannesburg,City of Johannesburg,City of Johannesburg,Gauteng
106,2001,Westridge                                                                                                                                                                                                                                                 ,Central Cape Town MLC,18.6,-34.05,Mitchells Plain,City of Cape Town,City of Cape Town,Western Cape
107,2001,Greenturf                                                                                                                                                                                                                                                 ,U,31.03,-29.72,Phoenix,eThekwini,eThekwini,KwaZulu-Natal
108,2001,Kabega                                                                                                                                                                                                                                                    ,,25.49,-33.94,Port Elizaberth,Nelson Mandela Bay,Nelson Mandela Bay,Eastern Cape
109,2001,Moreletta Park                                                                                                                                                                                                                                            ,,28.28,-25.81,Pretoria,City of Tshwane,City of Tshwane,Gauteng
110,2001,Welgemoed                                                                                                                                                                                                                                                 ,Tygerberg MLC,18.61,-33.87,Bellville,City of Cape Town,City of Cape Town,Western Cape
111,2001,Woodhaven                                                                                                                                                                                                                                                 ,U,25.06,-29.04,Letsemeng NU,Letsemeng,Xhariep,Free State
113,2002,Antioch                                                                                                                                                                                                                                                   ,,30.86,-24.44,Maruleng NU,Maruleng,Mopani,Limpopo
114,2002,Garagapola                                                                                                                                                                                                                                                ,U,25.06,-29.04,Letsemeng NU,Letsemeng,Xhariep,Free State
115,2002,Gasese                                                                                                                                                                                                                                                    ,Bophirima District Council,23.04,-27.11,Ga-Sese,Joe Morolong,John Taolo Gaetsewe,Northern Cape
116,2002,Mafefe                                                                                                                                                                                                                                                    ,Noko-tlou/Fetakgomo RLC,30.11,-24.2,Ga-Mafefe,Lepele-Nkumpi,Capricorn,Limpopo
117,2002,Mfazazane                                                                                                                                                                                                                                                 ,U,25.06,-29.04,Letsemeng NU,Letsemeng,Xhariep,Free State
118,2002,Tambo                                                                                                                                                                                                                                                     ,Queenstown Rural TRC,26.81,-32.13,Tambo,Lukanji,Chris Hani,Eastern Cape
120,2002,Greenturf                                                                                                                                                                                                                                                 ,U,31.03,-29.72,Phoenix,eThekwini,eThekwini,KwaZulu-Natal
121,2002,Kabega                                                                                                                                                                                                                                                    ,,25.49,-33.94,Port Elizaberth,Nelson Mandela Bay,Nelson Mandela Bay,Eastern Cape
122,2002,Moreletta Park                                                                                                                                                                                                                                            ,,28.28,-25.81,Pretoria,City of Tshwane,City of Tshwane,Gauteng
123,2002,Welgemoed                                                                                                                                                                                                                                                 ,Tygerberg MLC,18.61,-33.87,Bellville,City of Cape Town,City of Cape Town,Western Cape
124,2002,Westridge                                                                                                                                                                                                                                                 ,Central Cape Town MLC,18.6,-34.05,Mitchells Plain,City of Cape Town,City of Cape Town,Western Cape
125,2002,Woodhaven                                                                                                                                                                                                                                                 ,U,25.06,-29.04,Letsemeng NU,Letsemeng,Xhariep,Free State
1000005,2002,Ikgomotseng                                                                                                                                                                                                                                               ,Moddervaal RLC,26.1,-28.73,Ikgomotseng,Masilonyana,Lejweleputswa,Free State
1000007,2003,Antioch                                                                                                                                                                                                                                                   ,,30.86,-24.44,Maruleng NU,Maruleng,Mopani,Limpopo
1000008,2003,Garagapola                                                                                                                                                                                                                                                ,U,25.06,-29.04,Letsemeng NU,Letsemeng,Xhariep,Free State
1000009,2003,Gasese                                                                                                                                                                                                                                                    ,Bophirima District Council,23.04,-27.11,Ga-Sese,Joe Morolong,John Taolo Gaetsewe,Northern Cape
1000010,2003,Ikgomotseng                                                                                                                                                                                                                                               ,Moddervaal RLC,26.1,-28.73,Ikgomotseng,Masilonyana,Lejweleputswa,Free State
1000011,2003,Maconqo                                                                                                                                                                                                                                                   ,U,23.26,-13.27,,,,
1000012,2003,Matshana                                                                                                                                                                                                                                                  ,Uthungulu Regional Council,31.83,-28.74,Empangeni,uMhlathuze,Uthungulu,KwaZulu-Natal
1000013,2003,Mfazazane                                                                                                                                                                                                                                                 ,U,25.06,-29.04,Letsemeng NU,Letsemeng,Xhariep,Free State
1000014,2003,Tambo                                                                                                                                                                                                                                                     ,Queenstown Rural TRC,26.81,-32.13,Tambo,Lukanji,Chris Hani,Eastern Cape
1000016,2003,Greenturf                                                                                                                                                                                                                                                 ,U,31.03,-29.72,Phoenix,eThekwini,eThekwini,KwaZulu-Natal
1000017,2003,Kabega                                                                                                                                                                                                                                                    ,,25.49,-33.94,Port Elizaberth,Nelson Mandela Bay,Nelson Mandela Bay,Eastern Cape
1000018,2003,Moreletta Park                                                                                                                                                                                                                                            ,,28.28,-25.81,Pretoria,City of Tshwane,City of Tshwane,Gauteng
1000019,2003,Westridge                                                                                                                                                                                                                                                 ,Central Cape Town MLC,18.6,-34.05,Mitchells Plain,City of Cape Town,City of Cape Town,Western Cape
1000022,2004,Matshana                                                                                                                                                                                                                                                  ,Uthungulu Regional Council,31.83,-28.74,Empangeni,uMhlathuze,Uthungulu,KwaZulu-Natal
1000023,2004,Greenturf                                                                                                                                                                                                                                                 ,U,31.03,-29.72,Phoenix,eThekwini,eThekwini,KwaZulu-Natal
1000024,2004,Westridge                                                                                                                                                                                                                                                 ,Central Cape Town MLC,18.6,-34.05,Mitchells Plain,City of Cape Town,City of Cape Town,Western Cape
1000025,2004,Kabega                                                                                                                                                                                                                                                    ,,25.49,-33.94,Port Elizaberth,Nelson Mandela Bay,Nelson Mandela Bay,Eastern Cape
1000026,2004,Vlaklaagte                                                                                                                                                                                                                                                ,Mkobola,28.87,-25.36,Thembisile NU,Thembisile,Nkangala,Mpumalanga
1000027,2004,Khayalitsha                                                                                                                                                                                                                                               ,,18.67,-34.03,Khayelitsha,City of Cape Town,City of Cape Town,Western Cape
1000028,2004,Dinokana                                                                                                                                                                                                                                                  ,Central District Council,25.88,-25.45,Dinokana,Ramotshere Moiloa,Ngaka Modiri Molema,North West
1000029,2004,Driekoppies                                                                                                                                                                                                                                               ,Nkomazi West TRC,31.56,-25.7,Driekoppies,Nkomazi,Ehlanzeni,Mpumalanga
1000029,2004,Driekoppies                                                                                                                                                                                                                                               ,Bochum/ My Darling RLC,28.7,-23.22,Driekopies,Blouberg,Capricorn,Limpopo
1000031,2005,Dinokana                                                                                                                                                                                                                                                  ,Central District Council,25.88,-25.45,Dinokana,Ramotshere Moiloa,Ngaka Modiri Molema,North West
1000032,2005,Peacetown                                                                                                                                                                                                                                                 ,,29.74,-28.45,PeaceTown,Emnambithi/Ladysmith,Uthukela,KwaZulu-Natal
1000033,2005,Khayalitsha                                                                                                                                                                                                                                               ,,18.67,-34.03,Khayelitsha,City of Cape Town,City of Cape Town,Western Cape
1000034,2005,Matshana                                                                                                                                                                                                                                                  ,Uthungulu Regional Council,31.83,-28.74,Empangeni,uMhlathuze,Uthungulu,KwaZulu-Natal
1000035,2005,Vlaklaagte                                                                                                                                                                                                                                                ,Mkobola,28.87,-25.36,Thembisile NU,Thembisile,Nkangala,Mpumalanga
1000036,2005,Driekoppies                                                                                                                                                                                                                                               ,Bochum/ My Darling RLC,28.7,-23.22,Driekopies,Blouberg,Capricorn,Limpopo
1000036,2005,Driekoppies                                                                                                                                                                                                                                               ,Nkomazi West TRC,31.56,-25.7,Driekoppies,Nkomazi,Ehlanzeni,Mpumalanga
1000038,2005,Greenturf                                                                                                                                                                                                                                                 ,U,31.03,-29.72,Phoenix,eThekwini,eThekwini,KwaZulu-Natal
1000039,2005,Kabega                                                                                                                                                                                                                                                    ,,25.49,-33.94,Port Elizaberth,Nelson Mandela Bay,Nelson Mandela Bay,Eastern Cape
1000040,2005,Westridge                                                                                                                                                                                                                                                 ,Central Cape Town MLC,18.6,-34.05,Mitchells Plain,City of Cape Town,City of Cape Town,Western Cape
1000041,2005,La Lucia                                                                                                                                                                                                                                                  ,Northern Durban MLC,31.05,-29.74,Umhlanga,eThekwini,eThekwini,KwaZulu-Natal
1000042,2005,Woodhill                                                                                                                                                                                                                                                  ,U,22.66,-33.93,George NU,George,Eden,Western Cape
1000049,2006,Greenturf                                                                                                                                                                                                                                                 ,U,31.03,-29.72,Phoenix,eThekwini,eThekwini,KwaZulu-Natal
1000050,2006,Kabega                                                                                                                                                                                                                                                    ,,25.49,-33.94,Port Elizaberth,Nelson Mandela Bay,Nelson Mandela Bay,Eastern Cape
1000051,2006,La Lucia                                                                                                                                                                                                                                                  ,Northern Durban MLC,31.05,-29.74,Umhlanga,eThekwini,eThekwini,KwaZulu-Natal
1000052,2006,Westridge                                                                                                                                                                                                                                                 ,Central Cape Town MLC,18.6,-34.05,Mitchells Plain,City of Cape Town,City of Cape Town,Western Cape
1000053,2006,Woodhill                                                                                                                                                                                                                                                  ,U,22.66,-33.93,George NU,George,Eden,Western Cape
1000054,2006,Dinokana                                                                                                                                                                                                                                                  ,Central District Council,25.88,-25.45,Dinokana,Ramotshere Moiloa,Ngaka Modiri Molema,North West
1000055,2006,Driekoppies                                                                                                                                                                                                                                               ,Bochum/ My Darling RLC,28.7,-23.22,Driekopies,Blouberg,Capricorn,Limpopo
1000055,2006,Driekoppies                                                                                                                                                                                                                                               ,Nkomazi West TRC,31.56,-25.7,Driekoppies,Nkomazi,Ehlanzeni,Mpumalanga
1000056,2006,Khayalitsha                                                                                                                                                                                                                                               ,,18.67,-34.03,Khayelitsha,City of Cape Town,City of Cape Town,Western Cape
1000057,2006,Matshana                                                                                                                                                                                                                                                  ,Uthungulu Regional Council,31.83,-28.74,Empangeni,uMhlathuze,Uthungulu,KwaZulu-Natal
1000059,2006,Peacetown                                                                                                                                                                                                                                                 ,,29.74,-28.45,PeaceTown,Emnambithi/Ladysmith,Uthukela,KwaZulu-Natal
1000060,2006,Vlaklaagte                                                                                                                                                                                                                                                ,Mkobola,28.87,-25.36,Thembisile NU,Thembisile,Nkangala,Mpumalanga
1000062,2007,Dinokana                                                                                                                                                                                                                                                  ,Central District Council,25.88,-25.45,Dinokana,Ramotshere Moiloa,Ngaka Modiri Molema,North West
1000063,2007,Khayalitsha                                                                                                                                                                                                                                               ,,18.67,-34.03,Khayelitsha,City of Cape Town,City of Cape Town,Western Cape
1000064,2007,Matshana                                                                                                                                                                                                                                                  ,Uthungulu Regional Council,31.83,-28.74,Empangeni,uMhlathuze,Uthungulu,KwaZulu-Natal
1000065,2007,Peacetown                                                                                                                                                                                                                                                 ,,29.74,-28.45,PeaceTown,Emnambithi/Ladysmith,Uthukela,KwaZulu-Natal
1000066,2007,Vlaklaagte                                                                                                                                                                                                                                                ,Mkobola,28.87,-25.36,Thembisile NU,Thembisile,Nkangala,Mpumalanga
1000068,2007,Kabega                                                                                                                                                                                                                                                    ,,25.49,-33.94,Port Elizaberth,Nelson Mandela Bay,Nelson Mandela Bay,Eastern Cape
1000069,2007,Woodhill                                                                                                                                                                                                                                                  ,U,22.66,-33.93,George NU,George,Eden,Western Cape
1000071,2008,Woodhill                                                                                                                                                                                                                                                  ,U,22.66,-33.93,George NU,George,Eden,Western Cape
1000075,2008,Dinokana                                                                                                                                                                                                                                                  ,Central District Council,25.88,-25.45,Dinokana,Ramotshere Moiloa,Ngaka Modiri Molema,North West
1000076,2008,Khayalitsha                                                                                                                                                                                                                                               ,,18.67,-34.03,Khayelitsha,City of Cape Town,City of Cape Town,Western Cape
1000077,2008,Matshana                                                                                                                                                                                                                                                  ,Uthungulu Regional Council,31.83,-28.74,Empangeni,uMhlathuze,Uthungulu,KwaZulu-Natal
1000078,2008,Peacetown                                                                                                                                                                                                                                                 ,,29.74,-28.45,PeaceTown,Emnambithi/Ladysmith,Uthukela,KwaZulu-Natal
1000079,2008,Vlaklaagte                                                                                                                                                                                                                                                ,Mkobola,28.87,-25.36,Thembisile NU,Thembisile,Nkangala,Mpumalanga
1000081,2009,Dinokana                                                                                                                                                                                                                                                  ,Central District Council,25.88,-25.45,Dinokana,Ramotshere Moiloa,Ngaka Modiri Molema,North West
1000082,2009,Khayalitsha                                                                                                                                                                                                                                               ,,18.67,-34.03,Khayelitsha,City of Cape Town,City of Cape Town,Western Cape
1000083,2009,Matshana                                                                                                                                                                                                                                                  ,Uthungulu Regional Council,31.83,-28.74,Empangeni,uMhlathuze,Uthungulu,KwaZulu-Natal
1000084,2009,Peacetown                                                                                                                                                                                                                                                 ,,29.74,-28.45,PeaceTown,Emnambithi/Ladysmith,Uthukela,KwaZulu-Natal
1000085,2009,Vlaklaagte                                                                                                                                                                                                                                                ,Mkobola,28.87,-25.36,Thembisile NU,Thembisile,Nkangala,Mpumalanga
1000087,2009,Woodhill                                                                                                                                                                                                                                                  ,U,22.66,-33.93,George NU,George,Eden,Western Cape
1000088,2009,Ga-Nkoane                                                                                                                                                                                                                                                ,,29.77,-24.41,KaMapolaneng,Fetakgomo,Greater Sekhukhune,Limpopo
1000089,2009,Wattville                                                                                                                                                                                                                                                ,Benoni,28.3,-26.22,Wattville,Ekurhuleni,Ekurhuleni,Gauteng
1000092,2009,Matshana                                                                                                                                                                                                                                                 ,Uthungulu Regional Council,31.83,-28.74,Empangeni,uMhlathuze,Uthungulu,KwaZulu-Natal
1000093,2009,Vlaklaagte                                                                                                                                                                                                                                               ,Mkobola,28.87,-25.36,Thembisile NU,Thembisile,Nkangala,Mpumalanga
1000095,2010,Matshana                                                                                                                                                                                                                                                  ,Uthungulu Regional Council,31.83,-28.74,Empangeni,uMhlathuze,Uthungulu,KwaZulu-Natal
1000097,2010,Ga-Luka                                                                                                                                                                                                                                                   ,Rustenburg District Council,27.18,-25.5,GaLuka,Rustenburg,Bojanala,North West
1000098,2010,Vlaklaagte                                                                                                                                                                                                                                                ,Mkobola,28.87,-25.36,Thembisile NU,Thembisile,Nkangala,Mpumalanga
1000099,2010,Wattville                                                                                                                                                                                                                                                 ,Benoni,28.3,-26.22,Wattville,Ekurhuleni,Ekurhuleni,Gauteng
1000102,2010,Ga-Nkoane                                                                                                                                                                                                                                                 ,,29.77,-24.41,KaMapolaneng,Fetakgomo,Greater Sekhukhune,Limpopo
1000103,2010,Hankey                                                                                                                                                                                                                                                    ,Hankey,24.86,-33.82,Hankey,Kouga,Cacadu,Eastern Cape
1000104,2011,Ga-Luka                                                                                                                                                                                                                                                   ,Rustenburg District Council,27.18,-25.5,GaLuka,Rustenburg,Bojanala,North West
1000105,2011,Ga-Nkoane                                                                                                                                                                                                                                                 ,,29.77,-24.41,KaMapolaneng,Fetakgomo,Greater Sekhukhune,Limpopo
1000106,2011,Hankey                                                                                                                                                                                                                                                    ,Hankey,24.86,-33.82,Hankey,Kouga,Cacadu,Eastern Cape
1000107,2011,Matshana                                                                                                                                                                                                                                                  ,Uthungulu Regional Council,31.83,-28.74,Empangeni,uMhlathuze,Uthungulu,KwaZulu-Natal
1000108,2011,Vlaklaagte                                                                                                                                                                                                                                                ,Mkobola,28.87,-25.36,Thembisile NU,Thembisile,Nkangala,Mpumalanga
1000109,2011,Wattville                                                                                                                                                                                                                                                 ,Benoni,28.3,-26.22,Wattville,Ekurhuleni,Ekurhuleni,Gauteng
1000111,2012,Ga-Luka                                                                                                                                                                                                                                                   ,Rustenburg District Council,27.18,-25.5,GaLuka,Rustenburg,Bojanala,North West
1000112,2012,Ga-Nkoane                                                                                                                                                                                                                                                 ,,29.77,-24.41,KaMapolaneng,Fetakgomo,Greater Sekhukhune,Limpopo
1000113,2012,Hankey                                                                                                                                                                                                                                                    ,Hankey,24.86,-33.82,Hankey,Kouga,Cacadu,Eastern Cape
1000114,2012,Matshana                                                                                                                                                                                                                                                  ,Uthungulu Regional Council,31.83,-28.74,Empangeni,uMhlathuze,Uthungulu,KwaZulu-Natal
1000115,2012,Vlaklaagte                                                                                                                                                                                                                                                ,Mkobola,28.87,-25.36,Thembisile NU,Thembisile,Nkangala,Mpumalanga
1000116,2012,Wattville                                                                                                                                                                                                                                                 ,Benoni,28.3,-26.22,Wattville,Ekurhuleni,Ekurhuleni,Gauteng
1000117,2012,Matsulu                                                                                                                                                                                                                                                   ,Nelspruit,31.33,-25.51,Matsulu,Mbombela,Ehlanzeni,Mpumalanga
1000118,2012,Seloshesa                                                                                                                                                                                                                                                 ,,26.81,-29.19,Thabanchu,Mangaung,Mangaung,Free State
1000119,2012,Butterworth                                                                                                                                                                                                                                               ,Butterworth,28.22,-32.31,Butterworth,Mnquma,Amathole,Eastern Cape
1000122,2013,Ga-Luka                                                                                                                                                                                                                                                   ,Rustenburg District Council,27.18,-25.5,GaLuka,Rustenburg,Bojanala,North West
1000123,2013,Ga-Nkoane                                                                                                                                                                                                                                                 ,,29.77,-24.41,KaMapolaneng,Fetakgomo,Greater Sekhukhune,Limpopo
1000124,2013,Hankey                                                                                                                                                                                                                                                    ,Hankey,24.86,-33.82,Hankey,Kouga,Cacadu,Eastern Cape
1000125,2013,Matshana                                                                                                                                                                                                                                                  ,Uthungulu Regional Council,31.83,-28.74,Empangeni,uMhlathuze,Uthungulu,KwaZulu-Natal
1000126,2013,Vlaklaagte                                                                                                                                                                                                                                                ,Mkobola,28.87,-25.36,Thembisile NU,Thembisile,Nkangala,Mpumalanga
1000127,2013,Wattville                                                                                                                                                                                                                                                 ,Benoni,28.3,-26.22,Wattville,Ekurhuleni,Ekurhuleni,Gauteng
1000128,2013,Matsulu                                                                                                                                                                                                                                                   ,Nelspruit,31.33,-25.51,Matsulu,Mbombela,Ehlanzeni,Mpumalanga
1000129,2013,Seloshesa                                                                                                                                                                                                                                                 ,,26.81,-29.19,Thabanchu,Mangaung,Mangaung,Free State
1000130,2013,Butterworth                                                                                                                                                                                                                                               ,Butterworth,28.22,-32.31,Butterworth,Mnquma,Amathole,Eastern Cape
1000132,2013,Dipelaneng                                                                                                                                                                                                                                                ,U,28.78,-28.61,Maluti A Phofung NU,Maluti a Phofung,Thabo Mofutsanyane,Free State
1000133,2013,Bophelong                                                                                                                                                                                                                                                 ,Western Vaal MLC,27.8,-26.69,Bophelong,Emfuleni,Sedibeng,Gauteng
1000134,2013,Phomolong                                                                                                                                                                                                                                                 ,Edenvale/ Modderfontein MLC,28.18,-26.04,Tembisa,Ekurhuleni,Ekurhuleni,Gauteng
1000134,2013,Phomolong                                                                                                                                                                                                                                                 ,Hennenman,27.08,-28.01,Phomolong,Matjhabeng,Lejweleputswa,Free State
1000136,2014,Ga-Luka                                                                                                                                                                                                                                                   ,Rustenburg District Council,27.18,-25.5,GaLuka,Rustenburg,Bojanala,North West
1000137,2014,Ga-Nkoane                                                                                                                                                                                                                                                 ,,29.77,-24.41,KaMapolaneng,Fetakgomo,Greater Sekhukhune,Limpopo
1000138,2014,Hankey                                                                                                                                                                                                                                                    ,Hankey,24.86,-33.82,Hankey,Kouga,Cacadu,Eastern Cape
1000139,2014,Matshana                                                                                                                                                                                                                                                  ,Uthungulu Regional Council,31.83,-28.74,Empangeni,uMhlathuze,Uthungulu,KwaZulu-Natal
1000140,2014,Vlaklaagte                                                                                                                                                                                                                                                ,Mkobola,28.87,-25.36,Thembisile NU,Thembisile,Nkangala,Mpumalanga
1000141,2014,Wattville                                                                                                                                                                                                                                                 ,Benoni,28.3,-26.22,Wattville,Ekurhuleni,Ekurhuleni,Gauteng
1000142,2014,Matsulu                                                                                                                                                                                                                                                   ,Nelspruit,31.33,-25.51,Matsulu,Mbombela,Ehlanzeni,Mpumalanga
1000143,2014,Seloshesa                                                                                                                                                                                                                                                 ,,26.81,-29.19,Thabanchu,Mangaung,Mangaung,Free State
1000144,2014,Butterworth                                                                                                                                                                                                                                               ,Butterworth,28.22,-32.31,Butterworth,Mnquma,Amathole,Eastern Cape
1000146,2014,Dipelaneng                                                                                                                                                                                                                                                ,U,28.78,-28.61,Maluti A Phofung NU,Maluti a Phofung,Thabo Mofutsanyane,Free State
1000147,2014,Bophelong                                                                                                                                                                                                                                                 ,Western Vaal MLC,27.8,-26.69,Bophelong,Emfuleni,Sedibeng,Gauteng
1000148,2014,Phomolong                                                                                                                                                                                                                                                 ,Edenvale/ Modderfontein MLC,28.18,-26.04,Tembisa,Ekurhuleni,Ekurhuleni,Gauteng
1000148,2014,Phomolong                                                                                                                                                                                                                                                 ,Hennenman,27.08,-28.01,Phomolong,Matjhabeng,Lejweleputswa,Free State
2000002,2002,Matshana                                                                                                                                                                                                                                                  ,Uthungulu Regional Council,31.83,-28.74,Empangeni,uMhlathuze,Uthungulu,KwaZulu-Natal
2000003,2002,Maconqo                                                                                                                                                                                                                                                   ,U,23.26,-13.27,,,,
